,original_index,DMS_id,DMS_filename,DMS_phenotype_name,MSA_filename,EVcouplings_prediction_filename,jo,Year,Have the data?,in_updated_benchmark,in_deepseq_benchmark,multi_AA_mutants,DMS_directionality,DMS_mutant_column,First_author,Title,UniProt_ID,Protein_category,region_mutated,start_idx,Checked_mutated_region_and_sequence,Spearman_EVmutation,Spearman_independent,Spearman_DeepSeq,Spearman_EVE,Uniprot_offset,Molecule_name,genbank_accession,Source_organism,selection_assay,Selection_Type,Other_selection_molecules,Model,Mutagenesis_Type,num_muts,length_mutated_region,Data_Curator,Data_Curation,Abstract_Curation,MAVEdb_URN,why_postponed,codon_data,short_title,keywords,short_description,Unnamed: 33,target_seq,theta,weight_file_name,MSA_start,MSA_end,in_deepseq_MSA
0,1,A0A192B1T2_9HIV1_Haddox_2018,A0A192B1T2_9HIV1_Haddox_2018.csv,fitness,A0A192B1T2_9HIV1_theta0.99_full_11-26-2021_b09.a2m,A0A192B1T2_9HIV1_theta0.99_full_11-26-2021_b09_single_mutant_matrix.csv,10.7554/eLife.34420,2018,Yes - Javier,Yes - Javier,Yes,,1,mutant,Haddox,Mapping mutational effects along the evolutionary landscape of HIV envelope,A0A192B1T2_9HIV1,Virus,30-691,1,Yes,0.4038912475,0.4762352542,0.002933522,0.48,,HIV env protein (BF520),,HIV,Viral replication,viral replication,,Human/HIV,NNN PCR,1737 (1),,,,Nathan,-,,,,,,,MRVKGIQMNSQHLLRWGIMILGMIMICSVAGNLWVTVYYGVPVWKDAETTLFCASDAKAYDAEVHNIWATHACVPTDPNPQEINLENVTEEFNMWKNNMVEQMHTDIISLWDQGLKPCVKLTPLCVTLDCHNVTYNITSDMKEEITNCSYNVTTVIRDKKQKVSSLFYKLDVVQIGGNNRTNSQYRLINCNTSAITQACPKVTFEPIPIHYCAPAGFAILKCKDEKFNGTGLCKNVSTVQCTHGIKPVVSTQLLLNGSLAEGEVRIRSENITNNAKNIIVQLASPVTINCIRPNNNTRKSVHLGPGQAFYATDGIIGEIRQAHCNVSKKEWNSTLQKVANQLRPYFKNNTIIKFANSSGGDLEITTHSFNCGGEFFYCNTSGLFNSTWEFNSTWNNSNSTENITLQCRIKQIINMWQRAGQAIYAPPIPGVIRCKSNITGLILTRDGGSNKNTSETFRPGGGDMRDNWRSELYKYKVVKIEPIGVAPTRAKRRVVEREKRAVGIGAVFIGFLGAAGSTMGAASVTLTVQARQLLSGIVQQQSNLLRAIEAQQHLLKLTVWGIKQLQARVLAVERYLKDQQLLGIWGCSGKLICTTNVPWNSSWSNKSQDEIWGNMTWLQWDKEVSNYTQIIYTLIEESQNQQEKNEQDLLALDKWASLWNWFNISQWLWYIKIFIIIVGGLIGLRIVFAVLSVINRVRQGYSPLSFQTRTPNPGELDRPGRIEEEGGEQDRGRSIRLVSGFLALAWDDLRSLCLFSYHRLRDFILIATRTVELLGHSSLKGLRLGWESLKYLGNLLVYWGRELKISAINLCDTIAIAVAGWTDRVIELGQRLCRAILHIPRRIRQGFERALL,0.01,A0A192B1T2_9HIV1_theta_0.01.npy,1,852,False
1,3,A0A2Z5U3Z0_9INFA_Doud_2016,A0A2Z5U3Z0_9INFA_Doud_2016.csv,transformed_pref,A0A2Z5U3Z0_9INFA_theta0.99_full_11-26-2021_b09.a2m,A0A2Z5U3Z0_9INFA_theta0.99_full_11-26-2021_b09_single_mutant_matrix.csv,10.3390/v8060155,2016,Yes - Javier,Yes - Javier,Yes,,1,mutant,Doud,Accurate Measurement of the Effects of All Amino-Acid Mutations on Influenza Hemagglutinin,A0A2Z5U3Z0_9INFA,Virus,2-565,1,Yes,0.4690874452,0.4788440855,0.408711937,0.53,1,hemagglutinin,,influenza H1N1,viral replication,Growth,,Influenza,NNN PCR,2985 (1),167aa,Amy,DATA FORMATTED,"Completed, Amy",-,,,effect of influenza HA mutation on viral replication,,,,MKAKLLVLLYAFVATDADTICIGYHANNSTDTVDTILEKNVAVTHSVNLLEDSHNGKLCKLKGIAPLQLGKCNITGWLLGNPECDSLLPARSWSYIVETPNSENGACYPGDLIDYEELREQLSSVSSLERFEIFPKESSWPNHTFNGVTVSCSHRGKSSFYRNLLWLTKKGDSYPKLTNSYVNNKGKEVLVLWGVHHPSSSDEQQSLYSNGNAYVSVASSNYNRRFTPEIAARPKVRDQHGRMNYYWTLLEPGDTIIFEATGNLIAPWYAFALSRGFESGIITSNASMHECNTKCQTPQGAINSNLPFQNIHPVTIGECPKYVRSTKLRMVTGLRNIPSIQYRGLFGAIAGFIEGGWTGMIDGWYGYHHQNEQGSGYAADQKSTQNAINGITNKVNSVIEKMNTQFTAVGKEFNNLEKRMENLNKKVDDGFLDIWTYNAELLVLLENERTLDFHDLNVKNLYEKVKSQLKNNAKEIGNGCFEFYHKCDNECMESVRNGTYDYPKYSEESKLNREKIDGVKLESMGVYQILAIYSTVASSLVLLVSLGAISFWMCSNGSLQCRICI,0.01,A0A2Z5U3Z0_9INFA_theta_0.01.npy,1,565,False
2,10,AMIE_PSEAE_Wrenbeck_2017,AMIE_PSEAE_Wrenbeck_2017.csv,isobutyramide_normalized_fitness,AMIE_PSEAE_full_11-26-2021_b02.a2m,AMIE_PSEAE_full_11-26-2021_b02_single_mutant_matrix.csv,10.1038/ncomms15695,2017,Yes - Javier,Yes - Javier,Yes,,1,mutant,Wrenbeck,Single-mutation fitness landscapes for an enzyme on multiple substrates reveal specificity is globally encoded,AMIE_PSEAE,Prokaryote,1-341,1,Yes,0.535372253,0.3827469579,0.642436272,0.59,0,amiE,,-,Enzyme function,Growth,,E.coli,Pfunkel,4507-4554 (1),,Amy,DATA FORMATTED,"Completed, Amy",-,,,,,,,MRHGDISSSNDTVGVAVVNYKMPRLHTAAEVLDNARKIAEMIVGMKQGLPGMDLVVFPEYSLQGIMYDPAEMMETAVAIPGEETEIFSRACRKANVWGVFSLTGERHEEHPRKAPYNTLVLIDNNGEIVQKYRKIIPWCPIEGWYPGGQTYVSEGPKGMKISLIICDDGNYPEIWRDCAMKGAELIVRCQGYMYPAKDQQVMMAKAMAWANNCYVAVANAAGFDGVYSYFGHSAIIGFDGRTLGECGEEEMGIQYAQLSLSQIRDARANDQSQNHLFKILHRGYSGLQASGDGDRGLAECPFEFYRTWVTDAEKARENVERLTRSTTGVAQCPVGRLPYEGLEKEA,0.2,AMIE_PSEAE_theta_0.2.npy,1,346,True
3,11,B3VI55_LIPST_Klesmith_2015,B3VI55_LIPST_Klesmith_2015.csv,SelectionTwo,B3VI55_LIPST_full_11-26-2021_b03.a2m,B3VI55_LIPST_full_11-26-2021_b03_single_mutant_matrix.csv,10.1021/acssynbio.5b00131,2015,Yes - Javier,Yes - Javier,Yes,,1,mutant,Klesmith,Comprehensive Sequence-Flux Mapping of a Levoglucosan Utilization Pathway in E. coli,B3VI55_LIPST,Eukaryote,1-439,1,Yes,0.447203906,0.332936531,0.488334738,0.42,,LGK (levoglucosan kinase),,Lipomyces starkeyi (Oleaginous yeast),Growth,Growth,,E.coli,PFunkel,,,,Postponed,,-,data unavailable,,,,,,MPIATSTGDNVLDFTVLGLNSGTSMDGIDCALCHFYQKTPDAPMEFELLEYGEVPLAQPIKQRVMRMILEDTTSPSELSEVNVILGEHFADAVRQFAAERNVDLSTIDAIASHGQTIWLLSMPEEGQVKSALTMAEGAIIAARTGITSITDFRISDQAAGRQGAPLIAFFDALLLHHPTKLRACQNIGGIANVCFIPPDVDGRRTDEYYDFDTGPGNVFIDAVVRHFTNGEQEYDKDGAMGKRGKVDQELVDDFLKMPYFQLDPPKTTGREVFRDTLAHDLIRRAEAKGLSPDDIVATTTRITAQAIVDHYRRYAPSQEIDEIFMCGGGAYNPNIVEFIQQSYPNTKIMMLDEAGVPAGAKEAITFAWQGMECLVGRSIPVPTRVETRQHYVLGKVSPGLNYRSVMKKGMAFGGDAQQLPWVSEMIVKKKGKVITNNWA,0.2,B3VI55_LIPST_theta_0.2.npy,1,439,True
4,12,BLAT_ECOLX_Deng_2012,BLAT_ECOLX_Deng_2012.csv,ddG_stat,BLAT_ECOLX_full_11-26-2021_b02.a2m,BLAT_ECOLX_full_11-26-2021_b02_single_mutant_matrix.csv,10.1016/j.jmb.2012.09.014,2012,Yes - Javier,Yes - Javier,Yes,,-1,mutant,Deng,Deep Sequencing of Systematic Combinatorial Libraries Reveals Œ≤-Lactamase Sequence Constraints at High Resolution,BLAT_ECOLX,Prokaryote,1-286,1,Yes,-0.5163963931,-0.3068713474,0.555929563,0.55,23,bla,,Escherichia coli,"antibiotic resistance, MIC",Amp resistance,,E.coli,NNS Kunkel,4998 (1),,Amy,DATA FORMATTED,"Completed, Amy",-,,,TEM-1 beta-lactamase stability,,,,MSIQHFRVALIPFFAAFCLPVFAHPETLVKVKDAEDQLGARVGYIELDLNSGKILESFRPEERFPMMSTFKVLLCGAVLSRVDAGQEQLGRRIHYSQNDLVEYSPVTEKHLTDGMTVRELCSAAITMSDNTAANLLLTTIGGPKELTAFLHNMGDHVTRLDRWEPELNEAIPNDERDTTMPAAMATTLRKLLTGELLTLASRQQLIDWMEADKVAGPLLRSALPAGWFIADKSGAGERGSRGIIAALGPDGKPSRIVVIYTTGSQATMDERNRQIAEIGASLIKHW,0.2,BLAT_ECOLX_theta_0.2.npy,1,286,True
5,13,BLAT_ECOLX_Firnberg_2014,BLAT_ECOLX_Firnberg_2014.csv,linear,BLAT_ECOLX_full_11-26-2021_b02.a2m,BLAT_ECOLX_full_11-26-2021_b02_single_mutant_matrix.csv,10.1093/molbev/msu081,2014,Yes - Javier,Yes - Javier,Yes,,1,mutant,Firnberg,"A Comprehensive, High-Resolution Map of a Gene's Fitness Landscape",BLAT_ECOLX,Prokaryote,1-286,1,Yes,0.7321526744,0.4864504194,0.778073422,0.77,,bla,,Escherichia coli,Growth (0.25-1024 ug/mL ampicillin) doubling,Growth,,Bacteria,PFunkel,,,Alan,,Completed Haley : https://docs.google.com/document/d/1JcpZIFPUugle7PJkGQ7zPY7ysvMo8V10e5sT0Cdd8-A/edit?usp=sharing,-,,,,,,,MSIQHFRVALIPFFAAFCLPVFAHPETLVKVKDAEDQLGARVGYIELDLNSGKILESFRPEERFPMMSTFKVLLCGAVLSRVDAGQEQLGRRIHYSQNDLVEYSPVTEKHLTDGMTVRELCSAAITMSDNTAANLLLTTIGGPKELTAFLHNMGDHVTRLDRWEPELNEAIPNDERDTTMPAAMATTLRKLLTGELLTLASRQQLIDWMEADKVAGPLLRSALPAGWFIADKSGAGERGSRGIIAALGPDGKPSRIVVIYTTGSQATMDERNRQIAEIGASLIKHW,0.2,BLAT_ECOLX_theta_0.2.npy,1,286,True
6,14,BLAT_ECOLX_Jacquier_2013,BLAT_ECOLX_Jacquier_2013.csv,MIC_score,BLAT_ECOLX_full_11-26-2021_b02.a2m,BLAT_ECOLX_full_11-26-2021_b02_single_mutant_matrix.csv,10.1073/pnas.1215206110,2013,Yes - Javier,Yes - Javier,Yes,,1,mutant,Jacquier,Capturing the mutational landscape of the beta-lactamase TEM-1,BLAT_ECOLX,Prokaryote,1-286,1,Yes,0.7055782096,0.4699517949,0.754345337,0.73,"23, 24(M180T)",bla,,Escherichia coli,MIC,Amoxicillin resistance,,E.coli,single nucleotide random,990 (1),,Joshua Rollins,DATA FORMATTED,"Completed, Joshua",-,,,,,,,MSIQHFRVALIPFFAAFCLPVFAHPETLVKVKDAEDQLGARVGYIELDLNSGKILESFRPEERFPMMSTFKVLLCGAVLSRVDAGQEQLGRRIHYSQNDLVEYSPVTEKHLTDGMTVRELCSAAITMSDNTAANLLLTTIGGPKELTAFLHNMGDHVTRLDRWEPELNEAIPNDERDTTMPAAMATTLRKLLTGELLTLASRQQLIDWMEADKVAGPLLRSALPAGWFIADKSGAGERGSRGIIAALGPDGKPSRIVVIYTTGSQATMDERNRQIAEIGASLIKHW,0.2,BLAT_ECOLX_theta_0.2.npy,1,286,True
7,15,BLAT_ECOLX_Stiffler_2015,BLAT_ECOLX_Stiffler_2015.csv,2500,BLAT_ECOLX_full_11-26-2021_b02.a2m,BLAT_ECOLX_full_11-26-2021_b02_single_mutant_matrix.csv,10.1016/j.cell.2015.01.035,2015,Yes - Javier,Yes - Javier,Yes,,1,mutant,Stiffler,Evolvability as a Function of Purifying Selection in TEM-1 β-lactamase,BLAT_ECOLX,Prokaryote,24-286,1,Yes,0.7268693342,0.47914452,0.775500113,0.76,23,bla,,Escherichia coli,Growth (10-2500 ug/mL ampicillin),Growth,,E.coli,NNS PCR,,,Amy,DATA FORMATTED,"Completed, Amy",-,,,TEM-1 beta-lactamase resistance against ampicillin or cefotaxime,,,,MSIQHFRVALIPFFAAFCLPVFAHPETLVKVKDAEDQLGARVGYIELDLNSGKILESFRPEERFPMMSTFKVLLCGAVLSRVDAGQEQLGRRIHYSQNDLVEYSPVTEKHLTDGMTVRELCSAAITMSDNTAANLLLTTIGGPKELTAFLHNMGDHVTRLDRWEPELNEAIPNDERDTTMPAAMATTLRKLLTGELLTLASRQQLIDWMEADKVAGPLLRSALPAGWFIADKSGAGERGSRGIIAALGPDGKPSRIVVIYTTGSQATMDERNRQIAEIGASLIKHW,0.2,BLAT_ECOLX_theta_0.2.npy,1,286,True
8,16,BRCA1_HUMAN_Findlay_2018,BRCA1_HUMAN_Findlay_2018.csv,function_score,BRCA1_HUMAN_full_11-26-2021_b02.a2m,BRCA1_HUMAN_full_11-26-2021_b02_single_mutant_matrix.csv,10.1038/s41586-018-0461-z,2018,Yes - Javier,Yes - Javier,Yes,,1,mutant,Findlay,Accurate classification of BRCA1 variants with saturation genome editing,BRCA1_HUMAN,Human,1-1855,1,Yes,0.3516744325,0.4658268321,,,,BRCA1,,Homo sapiens,Growth,Growth,,HAP1,microarray synthesis + CRISPR,"17688 (2, ""cis"")",,James,,Haley,-,,,,,,,MDLSALRVEEVQNVINAMQKILECPICLELIKEPVSTKCDHIFCKFCMLKLLNQKKGPSQCPLCKNDITKRSLQESTRFSQLVEELLKIICAFQLDTGLEYANSYNFAKKENNSPEHLKDEVSIIQSMGYRNRAKRLLQSEPENPSLQETSLSVQLSNLGTVRTLRTKQRIQPQKTSVYIELGSDSSEDTVNKATYCSVGDQELLQITPQGTRDEISLDSAKKAACEFSETDVTNTEHHQPSNNDLNTTEKRAAERHPEKYQGSSVSNLHVEPCGTNTHASSLQHENSSLLLTKDRMNVEKAEFCNKSKQPGLARSQHNRWAGSKETCNDRRTPSTEKKVDLNADPLCERKEWNKQKLPCSENPRDTEDVPWITLNSSIQKVNEWFSRSDELLGSDDSHDGESESNAKVADVLDVLNEVDEYSGSSEKIDLLASDPHEALICKSERVHSKSVESNIEDKIFGKTYRKKASLPNLSHVTENLIIGAFVTEPQIIQERPLTNKLKRKRRPTSGLHPEDFIKKADLAVQKTPEMINQGTNQTEQNGQVMNITNSGHENKTKGDSIQNEKNPNPIESLEKESAFKTKAEPISSSISNMELELNIHNSKAPKKNRLRRKSSTRHIHALELVVSRNLSPPNCTELQIDSCSSSEEIKKKKYNQMPVRHSRNLQLMEGKEPATGAKKSNKPNEQTSKRHDSDTFPELKLTNAPGSFTKCSNTSELKEFVNPSLPREEKEEKLETVKVSNNAEDPKDLMLSGERVLQTERSVESSSISLVPGTDYGTQESISLLEVSTLGKAKTEPNKCVSQCAAFENPKGLIHGCSKDNRNDTEGFKYPLGHEVNHSRETSIEMEESELDAQYLQNTFKVSKRQSFAPFSNPGNAEEECATFSAHSGSLKKQSPKVTFECEQKEENQGKNESNIKPVQTVNITAGFPVVGQKDKPVDNAKCSIKGGSRFCLSSQFRGNETGLITPNKHGLLQNPYRIPPLFPIKSFVKTKCKKNLLEENFEEHSMSPEREMGNENIPSTVSTISRNNIRENVFKEASSSNINEVGSSTNEVGSSINEIGSSDENIQAELGRNRGPKLNAMLRLGVLQPEVYKQSLPGSNCKHPEIKKQEYEEVVQTVNTDFSPYLISDNLEQPMGSSHASQVCSETPDDLLDDGEIKEDTSFAENDIKESSAVFSKSVQKGELSRSPSPFTHTHLAQGYRRGAKKLESSEENLSSEDEELPCFQHLLFGKVNNIPSQSTRHSTVATECLSKNTEENLLSLKNSLNDCSNQVILAKASQEHHLSEETKCSASLFSSQCSELEDLTANTNTQDPFLIGSSKQMRHQSESQGVGLSDKELVSDDEERGTGLEENNQEEQSMDSNLGEAASGCESETSVSEDCSGLSSQSDILTTQQRDTMQHNLIKLQQEMAELEAVLEQHGSQPSNSYPSIISDSSALEDLRNPEQSTSEKAVLTSQKSSEYPISQNPEGLSADKFEVSADSSTSKNKEPGVERSSPSKCPSLDDRWYMHSCSGSLQNRNYPSQEELIKVVDVEEQQLEESGPHDLTETSYLPRQDLEGTPYLESGISLFSDDPESDPSEDRAPESARVGNIPSSTSALKVPQLKVAESAQSPAAAHTTDTAGYNAMEESVSREKPELTASTERVNKRMSMVVSGLTPEEFMLVYKFARKHHITLTNLITEETTHVVMKTDAEFVCERTLKYFLGIAGGKWVVSYFWVTQSIKERKMLNEHDFEVRGDVVNGRNHQGPKRARESQDRKIFRGLEICCYGPFTNMPTDQLEWMVQLCGASVVKELSSFTLGTGVHPIVVVQPDAWTEDNGFHAIGQMCEAPVVTREWVLDSVALYQCQELDTYLIPQIPHSHY,0.2,BRCA1_HUMAN_theta_0.2.npy,1,1863,True
9,18,CALM1_HUMAN_Weile_2017,CALM1_HUMAN_Weile_2017.csv,screenscore,CALM1_HUMAN_full_11-26-2021_b03.a2m,CALM1_HUMAN_full_11-26-2021_b03_single_mutant_matrix.csv,10.15252/msb.20177908,2017,Yes - Javier,Yes - Javier,Yes,,1,mutant,Weile,A framework for exhaustively mapping functional missense variants,CALM1_HUMAN,Human,1-149,1,Yes,0.2427879525,0.19213772,0.228420647,0.22,,CALM1,,Homo sapiens,Yeast growth,complementation,,yeast,popcode,3040 (1),,,IN MAVEDB,,urn:mavedb:00000001,,,,,,,MADQLTEEQIAEFKEAFSLFDKDGDGTITTKELGTVMRSLGQNPTEAELQDMINEVDADGNGTIDFPEFLTMMARKMKDTDSEEEIREAFRVFDKDGNGYISAAELRHVMTNLGEKLTDEEVDEMIREADIDGDGQVNYEEFVQMMTAK,0.2,CALM1_HUMAN_theta_0.2.npy,1,149,True
10,25,DLG4_RAT_McLaughlin_2012,DLG4_RAT_McLaughlin_2012.csv,CRIPT,DLG4_RAT_full_11-26-2021_b03.a2m,DLG4_RAT_full_11-26-2021_b03_single_mutant_matrix.csv,10.1038/nature11500,2012,Yes - Javier,Yes - Javier,Yes,,1,mutant,McLaughlin,The spatial architecture of protein function and adaptation,DLG4_RAT,Eukaryote,311-393,1,Yes,0.5020978396,0.4921515955,0.603261811,0.58,310,"Dlg4, (PSD95_PDZ3)",,Rattus norvegicus,peptide binding - natural ligand,Binding,,Bacteria,NNS PCR,NOT A MAVE,,Nathan Rollins,DATA FORMATTED,"Completed, NATHAN",-,-,,"PDZ3 binding to CRIPT, PDZ3 binding to T-2F","Protein binding, bacteria 2 hybrid, E. coli, Other Molecules: CRIPT,  T-2F","Deep mutational scan of Rat DLG4 PDZ3 domain, selecting for binding to (1) CRIPT and (2) T-2F by bacteria 2 hybrid in E. coli.",included in analysis from Hopf EVH paper,MDCLCIVTTKKYRYQDEDTPPLEHSPAHLPNQANSPPVIVNTDTLEAPGYELQVNGTEGEMEYEEITLERGNSGLGFSIAGGTDNPHIGDDPSIFITKIIPGGAAAQDGRLRVNDSILFVNEVDVREVTHSAAVEALKEAGSIVRLYVMRRKPPAEKVMEIKLIKGPKGLGFSIAGGVGNQHIPGDNSIYVTKIIEGGAAHKDGRLQIGDKILAVNSVGLEDVMHEDAVAALKNTYDVVYLKVAKPSNAYLSDSYAPPDITTSYSQHLDNEISHSSYLGTDYPTAMTPTSPRRYSPVAKDLLGEEDIPREPRRIVIHRGSTGLGFNIVGGEDGEGIFISFILAGGPADLSGELRKGDQILSVNGVDLRNASHEQAAIALKNAGQTVTIIAQYKPEEYSRFEAKIHDLREQLMNSSLGSGTASLRSNPKRGFYIRALFDYDKTKDCGFLSQALSFRFGDVLHVIDAGDEEWWQARRVHSDSETDDIGFIPSKRRVERREWSRLKAKDWGSSSGSQGREDSVLSYETVTQMEVHYARPIIILGPTKDRANDDLLSEFPDKFGSCVPHTTRPKREYEIDGRDYHFVSSREKMEKDIQAHKFIEAGQYNSHLYGTSVQSVREVAEQGKHCILDVSANAVRRLQAAHLHPIAIFIRPRSLENVLEINKRITEEQARKAFDRATKLEQEFTECFSAIVEGDSFEEIYHKVKRVIEDLSGPYIWVPARERL,0.2,DLG4_RAT_theta_0.2.npy,1,724,True
11,29,F7YBW8_MESOW_Aakre_2015,F7YBW8_MESOW_Aakre_2015.csv,fitness,F7YBW8_MESOW_full_01-07-2022_b02.a2m,F7YBW8_MESOW_full_01-07-2022_b02_mutant_matrix.csv,10.1016/j.cell.2015.09.055,2015,Yes - Javier,Yes - Javier,Yes,True,1,mutant,Aakre,Evolving New Protein-Protein Interaction Specificity through Promiscuous Intermediates,F7YBW8_MESOW,Prokaryote,59-64,1,,0.3695734038,0.05772454643,,,,Mesop_5599,,Mesorhizobium opportunistum (strain LMG 24607 / HAMBI 3007 / WSM2075),fitness,Growth (antitoxin neutralization of ParE3),Growth,Bacteria,ProxiMax,208aa,,"ParD3 59, 60, 61, 64 (restricted to residues commonly found in homologs)",,Amy,,,,,,,,MANVEKMSVAVTPQQAAVMREAVEAGEYATASEIVREAVRDWLAKRELRHDDIRRLRQLWDEGKASGRPEPVDFDALRKEARQKLTEVPPNGR,0.2,F7YBW8_MESOW_theta_0.2.npy,1,93,False
12,30,GAL4_YEAST_Kitzman_2015,GAL4_YEAST_Kitzman_2015.csv,SEL_C_64h,GAL4_YEAST_full_11-26-2021_b02.a2m,GAL4_YEAST_full_11-26-2021_b02_single_mutant_matrix.csv,10.1038/nmeth.3223,2015,Yes - Javier,Yes - Javier,Yes,,1,mutant,Kitzman,Massively parallel single-amino-acid mutagenesis,GAL4_YEAST,Eukaryote,2-65,1,Yes,0.5030795897,0.3691629879,0.447717212,0.61,,GAL4,,Saccharomyces cerevisiae S288C,"Growth (no selection, 24h)",Growth,,Yeast,PALS (array+PCR),(library selection: antibody VEGF-angiopoetin),,,IN MAVEDB,,urn:mavedb:00000012,,,,,,,MKLLSSIEQACDICRLKKLKCSKEKPKCAKCLKNNWECRYSPKTKRSPLTRAHLTEVESRLERLEQLFLLIFPREDLDMILKMDSLQDIKALLTGLFVQDNVNKDAVTDRLASVETDMPLTLRQHRISATSSSEESSNKGQRQLTVSIDSAAHHDNSTIPLDFMPRDALHGFDWSEEDDMSDGLPFLKTDPNNNGFFGDGSLLCILRSIGFKPENYTNSNVNRLPTMITDRYTLASRSTTSRLLQSYLNNFHPYCPIVHSPTLMMLYNNQIEIASKDQWQILFNCILAIGAWCIEGESTDIDVFYYQNAKSHLTSKVFESGSIILVTALHLLSRYTQWRQKTNTSYNFHSFSIRMAISLGLNRDLPSSFSDSSILEQRRRIWWSVYSWEIQLSLLYGRSIQLSQNTISFPSSVDDVQRTTTGPTIYHGIIETARLLQVFTKIYELDKTVTAEKSPICAKKCLMICNEIEEVSRQAPKFLQMDISTTALTNLLKEHPWLSFTRFELKWKQLSLIIYVLRDFFTNFTQKKSQLEQDQNDHQSYEVKRCSIMLSDAAQRTVMSVSSYMDNHNVTPYFAWNCSYYLFNAVLVPIKTLLSNSKSNAENNETAQLLQQINTVLMLLKKLATFKIQTCEKYIQVLEEVCAPFLLSQCAIPLPHISYNNSNGSAIKNIVGSATIAQYPTLPEENVNNISVKYVSPGSVGPSPVPLKSGASFSDLVKLLSNRPPSRNSPVTIPRSTPSHRSVTPFLGQQQQLQSLVPLTPSALFGGANFNQSGNIADSSLSFTFTNSSNGPNLITTQTNSQALSQPIASSNVHDNFMNNEITASKIDDGNNSKPLSPGWTDQTAYNAFGITTGMFNTTTMDDVYNYLFDDEDTPPNPKKE,0.2,GAL4_YEAST_theta_0.2.npy,1,881,True
13,32,HIS7_YEAST_Pokusaeva_2019,HIS7_YEAST_Pokusaeva_2019.csv,selection,HIS7_YEAST_full_11-26-2021_b09.a2m,HIS7_YEAST_full_11-26-2021_b09_mutant_matrix.csv,10.1371/journal.pgen.1008079,2019,Yes - Javier,Yes - Javier,Yes,True,1,mutant,Pokusaeva,An experimental assay of the interactions of amino acids from orthologous sequences shaping a complex fitness landscape,HIS7_YEAST,Eukaryote,6-211,1,,0.5194101743,0.4587809937,,,,HIS3,,-,Growth,Growth,,Yeast,?,,,,,,-,,,,,,,MTEQKALVKRITNETKIQIAISLKGGPLAIEHSIFPEKEAEAVAEQATQSQVINVHTGIGFLDHMIHALAKHSGWSLIVECIGDLHIDDHHTTEDCGIALGQAFKEALGAVRGVKRFGSGFAPLDEALSRAVVDLSNRPYAVVELGLQREKVGDLSCEMIPHFLESFAEASRITLHVDCLRGKNDHHRSESAFKALAVAIREATSPNGTNDVPSTKGVLM,0.2,HIS7_YEAST_theta_0.2.npy,1,220,True
14,34,HSP82_YEAST_Mishra_2016,HSP82_YEAST_Mishra_2016.csv,selection_coefficient,HSP82_YEAST_full_11-26-2021_b01.a2m,HSP82_YEAST_full_11-26-2021_b01_single_mutant_matrix.csv,10.1016/j.celrep.2016.03.046,2016,Yes - Javier,Yes - Javier,Yes,,1,mutant,Mishra,Systematic Mutant Analyses Elucidate General and Client-Specific Aspects of Hsp90 Function,HSP82_YEAST,Eukaryote,2-231,1,Yes,0.4852390959,0.5077820137,0.533781877,0.55,,HSP82,,Saccharomyces cerevisiae S288C,Growth,Growth,,Yeast,NNN PCR,(library selection),,,needs data curator,Haley,-,,,,,,,MASETFEFQAEITQLMSLIINTVYSNKEIFLRELISNASDALDKIRYKSLSDPKQLETEPDLFIRITPKPEQKVLEIRDSGIGMTKAELINNLGTIAKSGTKAFMEALSAGADVSMIGQFGVGFYSLFLVADRVQVISKSNDDEQYIWESNAGGSFTVTLDEVNERIGRGTILRLFLKDDQLEYLEEKRIKEVIKRHSEFVAYPIQLVVTKEVEKEVPIPEEEKKDEEKKDEEKKDEDDKKPKLEEVDEEEEKKPKTKKVKEEVQEIEELNKTKPLWTRNPSDITQEEYNAFYKSISNDWEDPLYVKHFSVEGQLEFRAILFIPKRAPFDLFESKKKKNNIKLYVRRVFITDEAEDLIPEWLSFVKGVVDSEDLPLNLSREMLQQNKIMKVIRKNIVKKLIEAFNEIAEDSEQFEKFYSAFSKNIKLGVHEDTQNRAALAKLLRYNSTKSVDELTSLTDYVTRMPEHQKNIYYITGESLKAVEKSPFLDALKAKNFEVLFLTDPIDEYAFTQLKEFEGKTLVDITKDFELEETDEEKAEREKEIKEYEPLTKALKEILGDQVEKVVVSYKLLDAPAAIRTGQFGWSANMERIMKAQALRDSSMSSYMSSKKTFEISPKSPIIKELKKRVDEGGAQDKTVKDLTKLLYETALLTSGFSLDEPTSFASRINRLISLGLNIDEDEETETAPEASTAAPVEEVPADTEMEEVD,0.2,HSP82_YEAST_theta_0.2.npy,1,709,True
15,36,IF1_ECOLI_Kelsic_2016,IF1_ECOLI_Kelsic_2016.csv,fitness_rich,IF1_ECOLI_full_11-26-2021_b02.a2m,IF1_ECOLI_full_11-26-2021_b02_single_mutant_matrix.csv,10.1016/j.cels.2016.11.004,2016,Yes - Javier,Yes - Javier,Yes,,1,mutant,Kelsic,RNA Structural Determinants of Optimal Codons Revealed by MAGE-Seq,IF1_ECOLI,Prokaryote,1-72,1,Yes,0.4629582629,0.3421017128,0.523495341,0.54,0,infA,,Escherichia coli,Growth,Growth,,Bacteria,MAGE,,,Amy,PENDING,"Completed, Amy",-,study analyzed both substitution variants (~DMS) and synonymous variants (~MPRA); current formatted tables frame data as if DMS and do NOT have hgvs_splice column (except for the 5' UTR hairpin dataset) -- NEED TO ADD,,,,,,MAKEDNIEMQGTVLETLPNTMFRVELENGHVVTAHISGKMRKNYIRILTGDKVTVELTPYDLSKGRIVFRSR,0.2,IF1_ECOLI_theta_0.2.npy,1,72,True
16,38,KKA2_KLEPN_Melnikov_2014,KKA2_KLEPN_Melnikov_2014.csv,Kan18_avg,KKA2_KLEPN_full_11-26-2021_b02.a2m,KKA2_KLEPN_full_11-26-2021_b02_single_mutant_matrix.csv,10.1093/nar/gku511,2014,Yes - Javier,Yes - Javier,Yes,,1,mutant,Melnikov,Comprehensive mutational scanning of a kinasein vivoreveals substrate-dependent fitness landscapes,KKA2_KLEPN,Prokaryote,1-264,1,Yes,0.5663911736,0.2818980297,0.66129536,0.62,0,"APH(3’)II, neo",,Klebsiella pneumoniae,"Growth (225 ug/mL kanamycin) 1:1, 1:2, 1:4, 1:8 dilutions",Growth,,Bacteria,microarray synthesis,~10000,264aa,Nathan Rollins 12/27/20,DATA FORMATTED,"Completed, joshua",-,-,FALSE,"KKA2 resistance to G418, KKA2 resistance to Kanamycin, KKA2 resistance to Paromycin, KKA2 resistance to Ribostamycin, KKA2 resistance to Amikacin, KKA2 resistance to Neomycin","Growth, antibiotic resistance, drug resistance, model: Escherichia coli","Deep mutational scan of KKA2 selecting for E. coli growth under various concentrations of G418, Kanamycin, Paromycin, Ribostamycin, Amikacin, Neomycin. As score columns we have selected the antibiotic concentrations that procuded the greatest replicate correlation and range in selection values. The mutant library was assembled from tiles created by microarray synthesis.",,MIEQDGLHAGSPAAWVERLFGYDWAQQTIGCSDAAVFRLSAQGRPVLFVKTDLSGALNELQDEAARLSWLATTGVPCAAVLDVVTEAGRDWLLLGEVPGQDLLSSHLAPAEKVSIMADAMRRLHTLDPATCPFDHQAKHRIERARTRMEAGLVDQDDLDEEHQGLAPAELFARLKARMPDGEDLVVTHGDACLPNIMVENGRFSGFIDCGRLGVADRYQDIALATRDIAEELGGEWADRFLVLYGIAAPDSQRIAFYRLLDEFF,0.2,KKA2_KLEPN_theta_0.2.npy,1,264,True
17,41,MK01_HUMAN_Brenan_2016,MK01_HUMAN_Brenan_2016.csv,DOX_Average,MK01_HUMAN_full_11-26-2021_b06.a2m,MK01_HUMAN_full_11-26-2021_b06_single_mutant_matrix.csv,10.1016/j.celrep.2016.09.061,2016,Yes - Javier,Yes - Javier,Yes,,-1,mutant,Brenan,Phenotypic Characterization of a Comprehensive Set of MAPK1 /ERK2 Missense Mutants,MK01_HUMAN,Human,2-360,1,Yes,-0.2350054344,-0.2398900551,0.239778002,0.26,,MAPK1,,Homo sapiens,Growth,inhibitor resistance,,Human,microarray synthesis,1664 (1),,TBD - immuno,,,-,,,,,,,MAAAAAAGAGPEMVRGQVFDVGPRYTNLSYIGEGAYGMVCSAYDNVNKVRVAIKKISPFEHQTYCQRTLREIKILLRFRHENIIGINDIIRAPTIEQMKDVYIVQDLMETDLYKLLKTQHLSNDHICYFLYQILRGLKYIHSANVLHRDLKPSNLLLNTTCDLKICDFGLARVADPDHDHTGFLTEYVATRWYRAPEIMLNSKGYTKSIDIWSVGCILAEMLSNRPIFPGKHYLDQLNHILGILGSPSQEDLNCIINLKARNYLLSLPHKNKVPWNRLFPNADSKALDLLDKMLTFNPHKRIEVEQALAHPYLEQYYDPSDEPIAEAPFKFDMELDDLPKEKLKELIFEETARFQPGYRS,0.2,MK01_HUMAN_theta_0.2.npy,1,360,True
18,43,MTH3_HAEAE_Rockah-Shmuel_2015,MTH3_HAEAE_Rockah-Shmuel_2015.csv,Wrel_G17_filtered,MTH3_HAEAE_full_11-26-2021_b02.a2m,MTH3_HAEAE_full_11-26-2021_b02_single_mutant_matrix.csv,10.1371/journal.pcbi.1004421,2015,Yes - Javier,Yes - Javier,Yes,,1,mutant,Rockah-Shmuel,Systematic Mapping of Protein Mutational Space by Prolonged Drift Reveals the Deleterious Effects of Seemingly Neutral Mutations,MTH3_HAEAE,Prokaryote,2-330,1,Yes,0.6865745364,0.4686434308,0.726741225,0.7,1,DNA methylase HaeIII,,Haemophilus aegyptius,Growth,Activity,,Bacteria,error-prone PCR,4997 (1),,Nathan Rollins,DATA FORMATTED,"Completed, Joshua",-,-,,HaeIII genetic drift,"Genetic drift, E. coli, growth","HaeIII methylase was allowed to mutate under genetic drift for 3, 7, and 17 generations. The authors report the frequency of mutants in the post-drift population relative to wild-type, suggesting selective pressure. The study's wild-type has 5 mutations relative to UniProt sequence for the gene (P20589): C26A, I104K, M115L, F181L, C327R. [MAVEdb note: The 5 background mutants have been appended to each of the author's single mutants.]",,MNLISLFSGAGGLDLGFQKAGFRIIAANEYDKSIWKTYESNHSAKLIKGDISKISSDEFPKCDGIIGGPPCQSWSEGGSLRGIDDPRGKLFYEYIRILKQKKPKFFLAENVKGMLAQRHNKAVQEFIQEFDNAGYDVHIILLNANDYGVAQDRKRVFYIGFRKELNINYLPPIPHLIKPTLKDVIWDLKDNPIPALDKNKTNGNKCIYPNHEYFIGSYSTIFMSRNRVRQWNEPAFTVQASGRQCQLHPQAPVMLKVSKNLNKFVEGKEHLYRRLTVRECARVQGFPDDFIFHYESLNDGYKMIGNAVPVNLAYEIAKTIKSALEIRKGN,0.2,MTH3_HAEAE_theta_0.2.npy,1,330,True
19,50,P84126_THETH_Chan_2017,P84126_THETH_Chan_2017.csv,fitness,P84126_THETH_full_11-26-2021_b04.a2m,P84126_THETH_full_11-26-2021_b04_single_mutant_matrix.csv,10.1038/ncomms14614,2017,Yes - Javier,Yes - Javier,Yes,,1,mutant,Chan,Correlation of fitness landscapes from three orthologous TIM barrels originates from sequence and structure constraints,P84126_THETH,Prokaryote,44-238,1,Yes,0.575599623,0.507875727,0.587794981,0.56,,TIM Barrell (T. thermophilus),,Thermus thermophilus,fitness,Growth,Growth,Yeast,NNN PCR,,,,,,,,,,,,,MRPDLSRVPGVLGEIARKRASEVAPYPLPEPPSVPSFKEALLRPGLSVIAEVKRQSPSEGLIREVDPVEAALAYARGGARAVSVLTEPHRFGGSLLDLKRVREAVDLPLLRKDFVVDPFMLEEARAFGASAALLIVALLGELTGAYLEEARRLGLEALVEVHTERELEIALEAGAEVLGINNRDLATLHINLETAPRLGRLARKRGFGGVLVAESGYSRKEELKALEGLFDAVLIGTSLMRAPDLEAALRELVG,0.2,P84126_THETH_theta_0.2.npy,1,254,True
20,51,PA_I34A1_Wu_2015,PA_I34A1_Wu_2015.csv,RF_index,PA_I34A1_theta0.99_full_11-26-2021_b09.a2m,PA_I34A1_theta0.99_full_11-26-2021_b09_single_mutant_matrix.csv,10.1371/journal.pgen.1005310,2015,Yes - Javier,Yes - Javier,Yes,,1,mutant,Wu,Functional Constraint Profiling of a Viral Protein Reveals Discordance of Evolutionary Conservation and Functionality,PA_I34A1,Virus,7-716,1,Yes,0.5118834014,0.5147564345,0.475982104,0.52,6,PA,,influenza subtype?,Viral replication,Growth,,Influenza,error-prone PCR,1387 (1),73aa,Amy,DATA FORMATTED,"Completed, Amy",-,"use this to develop mavedb-hgvs 3-col (hgvs_nt, hgvs_pro, hgvs_tx) annotation",nt data not organized into codons,,,,,MEDFVRQCFNPMIVELAEKAMKEYGEDLKIETNKFAAICTHLEVCFMYSDFHFIDEQGESIVVELGDPNALLKHRFEIIEGRDRTIAWTVVNSICNTTGAEKPKFLPDLYDYKKNRFIEIGVTRREVHIYYLEKANKIKSEKTHIHIFSFTGEEMATKADYTLDEESRARIKTRLFTIRQEMASRGLWDSFRQSERGEETIEERFEITGTMRKLADQSLPPNFSSLEKFRAYVDGFEPNGYIEGKLSQMSKEVNARIEPFLKSTPRPLRLPDGPPCSQRSKFLLMDALKLSIEDPSHEGEGIPLYDAIKCMRTFFGWKEPNVVKPHEKGINPNYLLSWKQVLAELQDIENEEKIPRTKNMKKTSQLKWALGENMAPEKVDFDDCKDVGDLKQYDSDEPELRSLASWIQNEFNKACELTDSSWIELDEIGEDAAPIEHIASMRRNYFTAEVSHCRATEYIMKGVYINTALLNASCAAMDDFQLIPMISKCRTKEGRRKTNLYGFIIKGRSHLRNDTDVVNFVSMEFSLTDPRLEPHKWEKYCVLEVGDMLLRSAIGHVSRPMFLYVRTNGTSKIKMKWGMEMRRCLLQSLQQIESMIEAESSVKEKDMTKEFFENKSETWPVGESPKGVEEGSIGKVCRTLLAKSVFNSLYASPQLEGFSAESRKLLLIVQALRDNLEPGTFDLGGLYEAIEECLINDPWVLLNASWFNSFLTHALR,0.01,PA_I34A1_theta_0.01.npy,1,716,False
21,52,PABP_YEAST_Melamed_2013,PABP_YEAST_Melamed_2013.csv,linear,PABP_YEAST_full_11-26-2021_b07.a2m,PABP_YEAST_full_11-26-2021_b07_mutant_matrix.csv,10.1261/rna.040709.113,2013,Yes - Javier,Yes - Javier,Yes,True,1,mutant,Melamed,Deep mutational scanning of an RRM domain of the Saccharomyces cerevisiae poly(A)-binding protein,PABP_YEAST,Eukaryote,126-200,1,Yes,0.6378127714,0.661819216,,,,PAB1,,Saccharomyces cerevisiae S288C,"Growth (essential function), RNA binding",Growth,,Yeast,doped oligo synthesis,(library selection: no singles?),,Alan?,IN MAVEDB,,urn:mavedb:00000010,,,,,,,MADITDKTAEQLENLNIQDDQKQAATGSESQSVENSSASLYVGDLEPSVSEAHLYDIFSPIGSVSSIRVCRDAITKTSLGYAYVNFNDHEAGRKAIEQLNYTPIKGRLCRIMWSQRDPSLRKKGSGNIFIKNLHPDIDNKALYDTFSVFGDILSSKIATDENGKSKGFGFVHFEEEGAAKEAIDALNGMLLNGQEIYVAPHLSRKERDSQLEETKAHYTNLYVKNINSETTDEQFQELFAKFGPIVSASLEKDADGKLKGFGFVNYEKHEDAVKAVEALNDSELNGEKLYVGRAQKKNERMHVLKKQYEAYRLEKMAKYQGVNLFVKNLDDSVDDEKLEEEFAPYGTITSAKVMRTENGKSKGFGFVCFSTPEEATKAITEKNQQIVAGKPLYVAIAQRKDVRRSQLAQQIQARNQMRYQQATAAAAAAAAGMPGQFMPPMFYGVMPPRGVPFNGPNPQQMNPMGGMPKNGMPPQFRNGPVYGVPPQGGFPRNANDNNQFYQQKQRQALGEQLYKKVSAKTSNEEAAGKITGMILDLPPQEVFPLLESDELFEQHYKEASAAYESFKKEQEQQTEQA,0.2,PABP_YEAST_theta_0.2.npy,1,577,True
22,54,POLG_HCVJF_Qi_2014,POLG_HCVJF_Qi_2014.csv,fitness,POLG_HCVJF_theta0.99_1984-2089_11-26-2021_b08.a2m,POLG_HCVJF_theta0.99_1984-2089_11-26-2021_b08_single_mutant_matrix.csv,10.1371/journal.ppat.1004064,2014,Yes - Javier,Yes - Javier,Yes,,1,mutant,Qi,A Quantitative High-Resolution Genetic Profile Rapidly Identifies Sequence Determinants of Hepatitis C Viral Fitness and Drug Sensitivity,POLG_HCVJF,Virus,1994-2079,1,Yes,0.5478769997,0.6054506964,0.37246655,0.62,1993,NS5A,,Hepatitis C virus genotype 2a (isolate JFH-1) (HCV),Viral replication,Growth,,Human cell culture (Huh-7.5.1),NNK PCR,3000 (1),,Nathan Rollins 12/29/20,DATA FORMATTED,"Completed, Amy",-,-,FALSE,"Hepatitis C NS5A virus-replication, Hepatitis C NS5A virus-replication under Daclatasvir, Hepatitis C NS5A change in virus-replication under Daclatasvir, Hepatitis C NS5A virus-replication predicted EC50 Daclatasvir,","Virus replication, human hepatoctye Huh-7.5.1cells, NNK PCR, drug resistance, other molecule: Daclatasvir","Deep mutational scan of Hepatitis C NS5A, selected for growth in human hepatocyte Huh-7.5.1 cells (with and without added drug Declatasivir. Library created using NNK PCR.",,MSTNPKPQRKTKRNTNRRPEDVKFPGGGQIVGGVYLLPRRGPRLGVRTTRKTSERSQPRGRRQPIPKDRRSTGKAWGKPGRPWPLYGNEGLGWAGWLLSPRGSRPSWGPTDPRHRSRNVGKVIDTLTCGFADLMGYIPVVGAPLSGAARAVAHGVRVLEDGVNYATGNLPGFPFSIFLLALLSCITVPVSAAQVKNTSSSYMVTNDCSNDSITWQLEAAVLHVPGCVPCERVGNTSRCWVPVSPNMAVRQPGALTQGLRTHIDMVVMSATFCSALYVGDLCGGVMLAAQVFIVSPQYHWFVQECNCSIYPGTITGHRMAWDMMMNWSPTATMILAYVMRVPEVIIDIVSGAHWGVMFGLAYFSMQGAWAKVIVILLLAAGVDAGTTTVGGAVARSTNVIAGVFSHGPQQNIQLINTNGSWHINRTALNCNDSLNTGFLAALFYTNRFNSSGCPGRLSACRNIEAFRIGWGTLQYEDNVTNPEDMRPYCWHYPPKPCGVVPARSVCGPVYCFTPSPVVVGTTDRRGVPTYTWGENETDVFLLNSTRPPQGSWFGCTWMNSTGFTKTCGAPPCRTRADFNASTDLLCPTDCFRKHPDATYIKCGSGPWLTPKCLVHYPYRLWHYPCTVNFTIFKIRMYVGGVEHRLTAACNFTRGDRCDLEDRDRSQLSPLLHSTTEWAILPCTYSDLPALSTGLLHLHQNIVDVQYMYGLSPAITKYVVRWEWVVLLFLLLADARVCACLWMLILLGQAEAALEKLVVLHAASAANCHGLLYFAIFFVAAWHIRGRVVPLTTYCLTGLWPFCLLLMALPRQAYAYDAPVHGQIGVGLLILITLFTLTPGYKTLLGQCLWWLCYLLTLGEAMIQEWVPPMQVRGGRDGIAWAVTIFCPGVVFDITKWLLALLGPAYLLRAALTHVPYFVRAHALIRVCALVKQLAGGRYVQVALLALGRWTGTYIYDHLTPMSDWAASGLRDLAVAVEPIIFSPMEKKVIVWGAETAACGDILHGLPVSARLGQEILLGPADGYTSKGWKLLAPITAYAQQTRGLLGAIVVSMTGRDRTEQAGEVQILSTVSQSFLGTTISGVLWTVYHGAGNKTLAGLRGPVTQMYSSAEGDLVGWPSPPGTKSLEPCKCGAVDLYLVTRNADVIPARRRGDKRGALLSPRPISTLKGSSGGPVLCPRGHVVGLFRAAVCSRGVAKSIDFIPVETLDVVTRSPTFSDNSTPPAVPQTYQVGYLHAPTGSGKSTKVPVAYAAQGYKVLVLNPSVAATLGFGAYLSKAHGINPNIRTGVRTVMTGEAITYSTYGKFLADGGCASGAYDIIICDECHAVDATSILGIGTVLDQAETAGVRLTVLATATPPGSVTTPHPDIEEVGLGREGEIPFYGRAIPLSCIKGGRHLIFCHSKKKCDELAAALRGMGLNAVAYYRGLDVSIIPAQGDVVVVATDALMTGYTGDFDSVIDCNVAVTQAVDFSLDPTFTITTQTVPQDAVSRSQRRGRTGRGRQGTYRYVSTGERASGMFDSVVLCECYDAGAAWYDLTPAETTVRLRAYFNTPGLPVCQDHLEFWEAVFTGLTHIDAHFLSQTKQAGENFAYLVAYQATVCARAKAPPPSWDAMWKCLARLKPTLAGPTPLLYRLGPITNEVTLTHPGTKYIATCMQADLEVMTSTWVLAGGVLAAVAAYCLATGCVSIIGRLHVNQRVVVAPDKEVLYEAFDEMEECASRAALIEEGQRIAEMLKSKIQGLLQQASKQAQDIQPAMQASWPKVEQFWARHMWNFISGIQYLAGLSTLPGNPAVASMMAFSAALTSPLSTSTTILLNIMGGWLASQIAPPAGATGFVVSGLVGAAVGSIGLGKVLVDILAGYGAGISGALVAFKIMSGEKPSMEDVINLLPGILSPGALVVGVICAAILRRHVGPGEGAVQWMNRLIAFASRGNHVAPTHYVTESDASQRVTQLLGSLTITSLLRRLHNWITEDCPIPCSGSWLRDVWDWVCTILTDFKNWLTSKLFPKLPGLPFISCQKGYKGVWAGTGIMTTRCPCGANISGNVRLGSMRITGPKTCMNTWQGTFPINCYTEGQCAPKPPTNYKTAIWRVAASEYAEVTQHGSYSYVTGLTTDNLKIPCQLPSPEFFSWVDGVQIHRFAPTPKPFFRDEVSFCVGLNSYAVGSQLPCEPEPDADVLRSMLTDPPHITAETAARRLARGSPPSEASSSVSQLSAPSLRATCTTHSNTYDVDMVDANLLMEGGVAQTEPESRVPVLDFLEPMAEEESDLEPSIPSECMLPRSGFPRALPAWARPDYNPPLVESWRRPDYQPPTVAGCALPPPKKAPTPPPRRRRTVGLSESTISEALQQLAIKTFGQPPSSGDAGSSTGAGAAESGGPTSPGEPAPSETGSASSMPPLEGEPGDPDLESDQVELQPPPQGGGVAPGSGSGSWSTCSEEDDTTVCCSMSYSWTGALITPCSPEEEKLPINPLSNSLLRYHNKVYCTTSKSASQRAKKVTFDRTQVLDAHYDSVLKDIKLAASKVSARLLTLEEACQLTPPHSARSKYGFGAKEVRSLSGRAVNHIKSVWKDLLEDPQTPIPTTIMAKNEVFCVDPAKGGKKPARLIVYPDLGVRVCEKMALYDITQKLPQAVMGASYGFQYSPAQRVEYLLKAWAEKKDPMGFSYDTRCFDSTVTERDIRTEESIYQACSLPEEARTAIHSLTERLYVGGPMFNSKGQTCGYRRCRASGVLTTSMGNTITCYVKALAACKAAGIVAPTMLVCGDDLVVISESQGTEEDERNLRAFTEAMTRYSAPPGDPPRPEYDLELITSCSSNVSVALGPRGRRRYYLTRDPTTPLARAAWETVRHSPINSWLGNIIQYAPTIWVRMVLMTHFFSILMVQDTLDQNLNFEMYGSVYSVNPLDLPAIIERLHGLDAFSMHTYSHHELTRVASALRKLGAPPLRVWKSRARAVRASLISRGGKAAVCGRYLFNWAVKTKLKLTPLPEARLLDLSSWFTVGAGGGDIFHSVSRARPRSLLFGLLLLFVGVGLFLLPAR,0.01,POLG_HCVJF_theta_0.01.npy,1984,2089,True
23,55,PTEN_HUMAN_Matreyek_2018,PTEN_HUMAN_Matreyek_2018.csv,score,PTEN_HUMAN_full_11-26-2021_b01.a2m,PTEN_HUMAN_full_11-26-2021_b01_single_mutant_matrix.csv,10.1038/s41588-018-0122-z,2018,Yes - Javier,Yes - Javier,Yes,,1,mutant,Matreyek,Multiplex Assessment of Protein Variant Abundance by Massively Parallel Sequencing,PTEN_HUMAN,Human,2-403,1,Yes,0.489363799,0.4904789805,0.420615937,0.45,,PTEN,,Homo sapiens,Protein abundance (FACS sorting for abundance of GFP-fused target),Protein stability,,human,inverse PCR,6895 (1),,,IN MAVEDB,,urn:mavedb:00000013,,,,,,,MTAIIKEIVSRNKRRYQEDGFDLDLTYIYPNIIAMGFPAERLEGVYRNNIDDVVRFLDSKHKNHYKIYNLCAERHYDTAKFNCRVAQYPFEDHNPPQLELIKPFCEDLDQWLSEDDNHVAAIHCKAGKGRTGVMICAYLLHRGKFLKAQEALDFYGEVRTRDKKGVTIPSQRRYVYYYSYLLKNHLDYRPVALLFHKMMFETIPMFSGGTCNPQFVVCQLKVKIYSSNSGPTRREDKFMYFEFPQPLPVCGDIKVEFFHKQNKMLKKDKMFHFWVNTFFIPGPEETSEKVENGSLCDQEIDSICSIERADNDKEYLVLTLTKNDLDKANKDKANRYFSPNFKVKLYFTKTVEEPSNPEASSSTSVTPDVSDNEPDHYRYSDTTDSDPENEPFDEDQHTQITKV,0.2,PTEN_HUMAN_theta_0.2.npy,1,403,True
24,57,Q2N0S5_9HIV1_Haddox_2018,Q2N0S5_9HIV1_Haddox_2018.csv,fitness,Q2N0S5_9HIV1_theta0.99_full_11-26-2021_b09.a2m,Q2N0S5_9HIV1_theta0.99_full_11-26-2021_b09_single_mutant_matrix.csv,10.7554/eLife.34420,2018,Yes - Javier,Yes - Javier,Yes,,1,mutant,Haddox,Mapping mutational effects along the evolutionary landscape of HIV envelope,Q2N0S5_9HIV1,Virus,30-699,1,Yes,0.3756792695,0.4008020982,0.179018241,0.49,,HIV env protein (BG505),,HIV,Viral replication,viral replication,,Human/HIV,NNN PCR,1737 (1),-,,,Nathan,,,,,,,,MRVMGIQRNCQHLFRWGTMILGMIIICSAAENLWVTVYYGVPVWKDAETTLFCASDAKAYETEKHNVWATHACVPTDPNPQEIHLENVTEEFNMWKNNMVEQMHTDIISLWDQSLKPCVKLTPLCVTLQCTNVTNNITDDMRGELKNCSFNMTTELRDKKQKVYSLFYRLDVVQINENQGNRSNNSNKEYRLINCNTSAITQACPKVSFEPIPIHYCAPAGFAILKCKDKKFNGTGPCPSVSTVQCTHGIKPVVSTQLLLNGSLAEEEVMIRSENITNNAKNILVQFNTPVQINCTRPNNNTRKSIRIGPGQAFYATGDIIGDIRQAHCNVSKATWNETLGKVVKQLRKHFGNNTIIRFANSSGGDLEVTTHSFNCGGEFFYCNTSGLFNSTWISNTSVQGSNSTGSNDSITLPCRIKQIINMWQRIGQAMYAPPIQGVIRCVSNITGLILTRDGGSTNSTTETFRPGGGDMRDNWRSELYKYKVVKIEPLGVAPTRAKRRVVGREKRAVGIGAVFLGFLGAAGSTMGAASMTLTVQARNLLSGIVQQQSNLLRAIEAQQHLLKLTVWGIKQLQARVLAVERYLRDQQLLGIWGCSGKLICTTNVPWNSSWSNRNLSEIWDNMTWLQWDKEISNYTQIIYGLLEESQNQQEKNEQDLLALDKWASLWNWFDISNWLWYIKIFIMIVGGLIGLRIVFAVLSVIHRVRQGYSPLSFQTHTPNPRGLDRPERIEEEDGEQDRGRSTRLVSGFLALAWDDLRSLCLFCYHRLRDFILIAARIVELLGHSSLKGLRLGWEGLKYLWNLLAYWGRELKISAINLFDTIAIAVAEWTDRVIEIGQRLCRAFLHIPRRIRQGLERALL,0.01,Q2N0S5_9HIV1_theta_0.01.npy,1,851,False
25,58,Q59976_STRSQ_Romero_2015,Q59976_STRSQ_Romero_2015.csv,enrichment,Q59976_STRSQ_full_11-26-2021_b03.a2m,Q59976_STRSQ_full_11-26-2021_b03_single_mutant_matrix.csv,10.1073/pnas.1422285112,2015,Yes - Javier,Yes - Javier,Yes,,1,mutant,Romero,Dissecting enzyme function with microfluidic-based deep mutational scanning,Q59976_STRSQ,Prokaryote,1-501,1,Yes,0.6375185683,0.5511563338,0.671640047,0.6417,,β-glucosidase,,-,Enzyme function,Activity,,Bacteria/microfluidic droplets,error-prone PCR,,,,Postponed,,-,data unavailable,,,,,,MVPAAQQTAMAPDAALTFPEGFLWGSATASYQIEGAAAEDGRTPSIWDTYARTPGRVRNGDTGDVATDHYHRWREDVALMAELGLGAYRFSLAWPRIQPTGRGPALQKGLDFYRRLADELLAKGIQPVATLYHWDLPQELENAGGWPERATAERFAEYAAIAADALGDRVKTWTTLNEPWCSAFLGYGSGVHAPGRTDPVAALRAAHHLNLGHGLAVQALRDRLPADAQCSVTLNIHHVRPLTDSDADADAVRRIDALANRVFTGPMLQGAYPEDLVKDTAGLTDWSFVRDGDLRLAHQKLDFLGVNYYSPTLVSEADGSGTHNSDGHGRSAHSPWPGADRVAFHQPPGETTAMGWAVDPSGLYELLRRLSSDFPALPLVITENGAAFHDYADPEGNVNDPERIAYVRDHLAAVHRAIKDGSDVRGYFLWSLLDNFEWAHGYSKRFGAVYVDYPTGTRIPKASARWYAEVARTGVLPTAGDPNSSSVDKLAAALEHHHHHH,0.2,Q59976_STRSQ_theta_0.2.npy,1,501,False
26,59,RASH_HUMAN_Bandaru_2017,RASH_HUMAN_Bandaru_2017.csv,unregulated,RASH_HUMAN_full_11-26-2021_b03.a2m,RASH_HUMAN_full_11-26-2021_b03_single_mutant_matrix.csv,10.7554/eLife.27810,2017,Yes - Javier,Yes - Javier,Yes,,1,mutant,Bandaru,Deconstruction of the Ras switching cycle through saturation mutagenesis,RASH_HUMAN,Human,1-161,1,Yes,0.4396115118,0.4500302231,0.466304991,0.49,,HRAS,,Homo sapiens,C-Raf binding and GEF,activity,,Bacteria,NNS PCR,,,James,IN MAVEDB,"Completed, JAMES",urn:mavedb:00000057,,,,,,,MTEYKLVVVGAGGVGKSALTIQLIQNHFVDEYDPTIEDSYRKQVVIDGETCLLDILDTAGQEEYSAMRDQYMRTGEGFLCVFAINNTKSFEDIHQYREQIKRVKDSDDVPMVLVGNKCDLAARTVESRQAQDLARSYGIPYIETSAKTRQGVEDAFYTLVREIRQHKLRKLNPPDESGPGCMSCKCVLS,0.2,RASH_HUMAN_theta_0.2.npy,1,189,True
27,61,RL401_YEAST_Mavor_2016,RL401_YEAST_Mavor_2016.csv,DMSO,RL401_YEAST_full_11-26-2021_b01.a2m,RL401_YEAST_full_11-26-2021_b01_single_mutant_matrix.csv,10.7554/eLife.15802,2016,Yes - Javier,Yes - Javier,Yes,,1,mutant,Mavor,Determination of ubiquitin fitness landscapes under different chemical stresses in a classroom setting,RL401_YEAST,Eukaryote,2-76,1,Yes,0.3386746952,0.2688997965,0.44665648,0.38,,Ubiquitin,,Saccharomyces cerevisiae S288C,Growth,Growth,,Yeast,NNN PCR,(unavailable),,,Postponed,,-,data unavailable,,,,,,MQIFVKTLTGKTITLEVESSDTIDNVKSKIQDKEGIPPDQQRLIFAGKQLEDGRTLSDYNIQKESTLHLVLRLRGGIIEPSLKALASKYNCDKSVCRKCYARLPPRATNCRKRKCGHTNQLRPKKKLK,0.2,RL401_YEAST_theta_0.2.npy,1,128,True
28,62,RL401_YEAST_Roscoe_2013,RL401_YEAST_Roscoe_2013.csv,Selection Coefficient,RL401_YEAST_full_11-26-2021_b01.a2m,RL401_YEAST_full_11-26-2021_b01_single_mutant_matrix.csv,10.1016/j.jmb.2013.01.032,2013,Yes - Javier,Yes - Javier,Yes,,1,mutant,Roscoe,Analyses of the Effects of All Ubiquitin Point Mutants on Yeast Growth Rate,RL401_YEAST,Eukaryote,2-76,1,Yes,0.3707984908,0.2964992254,0.489848602,0.43,1,Ubiquitin,,Saccharomyces cerevisiae S288C,Growth (essential function),Growth,,Yeast,NNN PCR,900 (1),,"Nathan, Sunny",IN MAVEDB,,"urn:mavedb:00000037, urn:mavedb:00000038",,,,,,,MQIFVKTLTGKTITLEVESSDTIDNVKSKIQDKEGIPPDQQRLIFAGKQLEDGRTLSDYNIQKESTLHLVLRLRGGIIEPSLKALASKYNCDKSVCRKCYARLPPRATNCRKRKCGHTNQLRPKKKLK,0.2,RL401_YEAST_theta_0.2.npy,1,128,True
29,63,RL401_YEAST_Roscoe_2014,RL401_YEAST_Roscoe_2014.csv,rel_react,RL401_YEAST_full_11-26-2021_b01.a2m,RL401_YEAST_full_11-26-2021_b01_single_mutant_matrix.csv,10.1016/j.jmb.2014.05.019,2014,Yes - Javier,Yes - Javier,Yes,,1,mutant,Roscoe,"Systematic Exploration of Ubiquitin Sequence, E1 Activation Efficiency, and Experimental Fitness in Yeast",RL401_YEAST,Eukaryote,2-76,1,Yes,0.2899129843,0.3716568968,0.422968021,0.43,1,Ubiquitin,,Saccharomyces cerevisiae S288C,E1 reactivity,Binding,,Yeast,NNN PCR,~10520,,Sunny Ye (1/25),DATA FORMATTED,"Completed, Amy",-,,,,,,,MQIFVKTLTGKTITLEVESSDTIDNVKSKIQDKEGIPPDQQRLIFAGKQLEDGRTLSDYNIQKESTLHLVLRLRGGIIEPSLKALASKYNCDKSVCRKCYARLPPRATNCRKRKCGHTNQLRPKKKLK,0.2,RL401_YEAST_theta_0.2.npy,1,128,True
30,69,SUMO1_HUMAN_Weile_2017,SUMO1_HUMAN_Weile_2017.csv,screenscore,SUMO1_HUMAN_full_11-26-2021_b02.a2m,SUMO1_HUMAN_full_11-26-2021_b02_single_mutant_matrix.csv,10.15252/msb.20177908,2017,Yes - Javier,Yes - Javier,Yes,,1,mutant,Weile,A framework for exhaustively mapping functional missense variants,SUMO1_HUMAN,Human,1-101,1,Yes,0.4282063222,0.4738264884,0.482759704,0.51,,Small ubiquitin-related modifier 1,,Homo sapiens,Yeast growth,complementation,,yeast,popcode,,,,,,,,,,,,,MSDQEAKPSTEDLGDKKEGEYIKLKVIGQDSSEIHFKVKMTTHLKKLKESYCQRQGVPMNSLRFLFEGQRIADNHTPKELGMEEEDVIEVYQEQTGGHSTV,0.2,SUMO1_HUMAN_theta_0.2.npy,1,101,True
31,72,TPK1_HUMAN_Weile_2017,TPK1_HUMAN_Weile_2017.csv,screenscore,TPK1_HUMAN_full_11-26-2021_b02.a2m,TPK1_HUMAN_full_11-26-2021_b02_single_mutant_matrix.csv,10.15252/msb.20177908,2017,Yes - Javier,Yes - Javier,Yes,,1,mutant,Weile,A framework for exhaustively mapping functional missense variants,TPK1_HUMAN,Human,1-243,1,Yes,0.2374446991,0.2233859294,0.257214253,0.23,,Thiamin pyrophosphokinase 1,,Homo sapiens,Yeast growth,complementation,,yeast,popcode,,,,,,,,,,,,,MEHAFTPLEPLLSTGNLKYCLVILNQPLDNYFRHLWNKALLRACADGGANRLYDITEGERESFLPEFINGDFDSIRPEVREYYATKGCELISTPDQDHTDFTKCLKMLQKKIEEKDLKVDVIVTLGGLAGRFDQIMASVNTLFQATHITPFPIIIIQEESLIYLLQPGKHRLHVDTGMEGDWCGLIPVGQPCMQVTTTGLKWNLTNDVLAFGTLVSTSNTYDGSGVVTVETDHPLLWTMAIKS,0.2,TPK1_HUMAN_theta_0.2.npy,1,243,True
32,73,TPMT_HUMAN_Matreyek_2018,TPMT_HUMAN_Matreyek_2018.csv,score,TPMT_HUMAN_full_11-26-2021_b03.a2m,TPMT_HUMAN_full_11-26-2021_b03_single_mutant_matrix.csv,10.1038/s41588-018-0122-z,2018,Yes - Javier,Yes - Javier,Yes,,1,mutant,Matreyek,Multiplex Assessment of Protein Variant Abundance by Massively Parallel Sequencing,TPMT_HUMAN,Human,1-245,1,Yes,0.5448997964,0.4676883261,0.571046656,0.56,,Thiopurine S-methyltransferase,,Homo sapiens,Protein abundance (FACS sorting for abundance of GFP-fused target),Protein stability,,human,inverse PCR,6895 (1),,,IN MAVEDB,,urn:mavedb:00000013,,,,,,,MDGTRTSLDIEEYSDTEVQKNQVLTLEEWQDKWVNGKTAFHQEQGHQLLKKHLDTFLKGKSGLRVFFPLCGKAVEMKWFADRGHSVVGVEISELGIQEFFTEQNLSYSEEPITEIPGTKVFKSSSGNISLYCCSIFDLPRTNIGKFDMIWDRGALVAINPGDRKCYADTMFSLLGKKFQYLLCVLSYDPTKHPGPPFYVPHAEIERLFGKICNIRCLEKVDAFEERHKSWGIDCLFEKLYLLTEK,0.2,TPMT_HUMAN_theta_0.2.npy,1,245,True
33,75,TRPC_SACS2_Chan_2017,TRPC_SACS2_Chan_2017.csv,fitness,TRPC_SACS2_full_11-26-2021_b07.a2m,TRPC_SACS2_full_11-26-2021_b07_single_mutant_matrix.csv,10.1038/ncomms14614,2017,Yes - Javier,Yes - Javier,Yes,,1,mutant,Chan,Correlation of fitness landscapes from three orthologous TIM barrels originates from sequence and structure constraints,TRPC_SACS2,Prokaryote,44-235,1,Yes,0.6093498182,0.5743872054,0.550594872,0.57,,TIM Barrell (S. solfataricus),,Thermus thermophilus,fitness,Growth,Growth,Yeast,NNN PCR,,,,,,,,,,,,,MPRYLKGWLKDVVQLSLRRPSFRASRQRPIISLNERILEFNKRNITAIIAEYKRKSPSGLDVERDPIEYSKFMERYAVGLSILTEEKYFNGSYETLRKIASSVSIPILMKDFIVKESQIDDAYNLGADTVLLIVKILTERELESLLEYARSYGMEPLIEINDENDLDIALRIGARFIGINSRDLETLEINKENQRKLISMIPSNVVKVAESGISERNEIEELRKLGVNAFLIGSSLMRNPEKIKEFIL,0.2,TRPC_SACS2_theta_0.2.npy,1,248,False
34,76,TRPC_THEMA_Chan_2017,TRPC_THEMA_Chan_2017.csv,fitness,TRPC_THEMA_full_11-26-2021_b07.a2m,TRPC_THEMA_full_11-26-2021_b07_single_mutant_matrix.csv,10.1038/ncomms14614,2017,Yes - Javier,Yes - Javier,Yes,,1,mutant,Chan,Correlation of fitness landscapes from three orthologous TIM barrels originates from sequence and structure constraints,TRPC_THEMA,Prokaryote,40-233,1,Yes,0.4527049334,0.4040478891,0.437933125,0.4,,TIM Barrell (T. maritima),,Thermus thermophilus,fitness,Growth,Growth,Yeast,NNN PCR,,,,,,,,,,,,,MRRLWEIVEAKKKDILEIDGENLIVQRRNHRFLEVLSGKERVKIIAEFKKASPSAGDINADASLEDFIRMYDELADAISILTEKHYFKGDPAFVRAARNLTSRPILAKDFYIDTVQVKLASSVGADAILIIARILTAEQIKEIYEAAEELGMDSLVEVHSREDLEKVFSVIRPKIIGINTRDLDTFEIKKNVLWELLPLVPDDTVVVAESGIKDPRELKDLRGKVNAVLVGTSIMKAENPRRFLEEMRAWSE,0.2,TRPC_THEMA_theta_0.2.npy,1,252,True
35,77,UBC9_HUMAN_Weile_2017,UBC9_HUMAN_Weile_2017.csv,screenscore,UBC9_HUMAN_full_11-26-2021_b03.a2m,UBC9_HUMAN_full_11-26-2021_b03_single_mutant_matrix.csv,10.15252/msb.20177908,2017,Yes - Javier,Yes - Javier,Yes,,1,mutant,Weile,A framework for exhaustively mapping functional missense variants,UBC9_HUMAN,Human,1-159,1,Yes,0.5221401277,0.4124176693,0.545525886,0.54,,SUMO-conjugating enzyme UBC9,,Homo sapiens,Yeast growth,complementation,,yeast,popcode,,,,,,,,,,,,,MSGIALSRLAQERKAWRKDHPFGFVAVPTKNPDGTMNLMNWECAIPGKKGTPWEGGLFKLRMLFKDDYPSSPPKCKFEPPLFHPNVYPSGTVCLSILEEDKDWRPAITIKQILLGIQELLNEPNIQDPAQAEAYTIYCQNRVEYEKRVRAQAKKFAPSY,0.2,UBC9_HUMAN_theta_0.2.npy,1,159,True
36,78,UBE4B_MOUSE_Starita_2013,UBE4B_MOUSE_Starita_2013.csv,log2_ratio,UBE4B_MOUSE_full_11-26-2021_b05.a2m,UBE4B_MOUSE_full_11-26-2021_b05_single_mutant_matrix.csv,10.1073/pnas.1303309110,2013,Yes - Javier,Yes - Javier,Yes,,1,mutant,Starita,Activity-enhancing mutations in an E3 ubiquitin ligase identified by high-throughput mutagenesis,UBE4B_MOUSE,Eukaryote,1072-1173,1,Yes,0.445566612,0.4560900025,0.539581502,0.53,,Ube4b,,Mus musculus,Ligase activity (phage display),Auto-ubiquitination,,Phage,doped oligo synthesis,(library selection: no singles),,Alan?,IN MAVEDB,,urn:mavedb:00000004,,,,,,,MEELSADEIRRRRLARLAGGQTSQPTTPLTSPQRENPPGPPIAASAPGPSQSLGLNVHNMTPATSPIGAAGVAHRSQSSEGVSSLSSSPSNSLETQSQSLSRSQSMDIDGVSCEKSMSQVDVDSGIENMEVDENDRREKRSLSDKEPSSGPEVSEEQALQLVCKIFRVSWKDRDRDVIFLSSLSAQFKQNPKEVFSDFKDLIGQILMEVLMMSTQTRDENPFASLTATSQPIATAARSPDRNLMLNTGSSSGTSPMFCNMGSFSTSSLSSLGASGGASNWDSYSDHFTIETCKETDMLNYLIECFDRVGIEEKKAPKMCSQPAVSQLLSNIRSQCISHTALVLQGSLTQPRSLQQPSFLVPYMLCRNLPYGFIQELVRTTHQDEEVFKQIFIPILQGLALAAKECSLESDYFKYPLMALGELCETKFGKTHPMCNLVASLPLWLPKSLSPGSGRELQRLSYLGAFFSFSVFAEDDAKVVEKYFSGPAITLENTRVVSQSLQHYLELGRQELFKILHSILLNGETREAALSYMAALVNANMKKAQMQADDRLVSTDGFMLNLLWVLQQLSTKIKLETVDPTYIFHPRCRITLPNDETRINATMEDVNERLTELYGDQPPFSEPKFPTECFFLTLHAHHLSILPSCRRYIRRLRAIRELNRTVEDLKNNESQWKDSPLATRHREMLKRCKTQLKKLVRCKACADAGLLDESFLRRCLNFYGLLIQLMLRILDPAYPDVTLPLNSEVPKVFAALPEFYVEDVAEFLFFIVQYSPQVLYEPCTQDIVMFLVVMLCNQNYIRNPYLVAKLVEVMFMTNPSVQPRTQKFFEMIENHPLSTKLLVPSLMKFYTDVEHTGATSEFYDKFTIRYHISTIFKSLWQNIAHHGTFMEEFNSGKQFVRYINMLINDTTFLLDESLESLKRIHEVQEEMKNKEQWDQLPRDQQQARQSQLAQDERVSRSYLALATETVDMFHLLTKQVQKPFLRPELGPRLAAMLNFNLQQLCGPKCRDLKVENPEKYGFEPKKLLDQLTDIYLQLDCARFAKAIADDQRSYSKELFEEVISKMRKAGIKSTIAIEKFKLLAEKVEEIVAKNARAEIDYSDAPDEFRDPLMDTLMTDPVRLPSGTVMDRSIILRHLLNSPTDPFNRQMLTESMLEPVPELKEQIQAWMREKQSSDH,0.2,UBE4B_MOUSE_theta_0.2.npy,1,1173,True
37,81,YAP1_HUMAN_Araya_2012,YAP1_HUMAN_Araya_2012.csv,W,YAP1_HUMAN_full_11-26-2021_b02.a2m,YAP1_HUMAN_full_11-26-2021_b02_mutant_matrix.csv,10.1073/pnas.1209751109,2012,Yes - Javier,Yes - Javier,Yes,True,1,mutant,Araya,"A fundamental protein property, thermodynamic stability, revealed solely from large-scale measurements of protein function",YAP1_HUMAN,Human,170-203,1,Yes,0.368527079,0.4295373869,0.645633914,0.64,,YAP1,,Homo sapiens,peptide binding,Binding,,Phage,doped oligo synthesis,,,,,,,,,,,,,MDPGQQPPPQPAPQGQGQPPSQPPQGQGPPSGPGQPAPAATQAAPQAPPAGHQIVHVRGDSETDLEALFNAVMNPKTANVPQTVPMRLRKLPDSFFKPPEPKSHSRQASTDAGTAGALTPQHVRAHSSPASLQLGAVSPGTLTPTGVVSGPAATPTAQHLRQSSFEIPDDVPLPAGWEMAKTSSGQRYFLNHIDQTTTWQDPRKAMLSQMNVTAPTSPPVQQNMMNSASGPLPDGWEQAMTQDGEIYYINHKNKTTSWLDPRLDPRFAMNQRISQSAPVKQPPPLAPQSPQGGVMGGSNSNQQQQMRLQQLQMEKERLRLKQQELLRQAMRNINPSTANSPKCQELALRSQLPTLEQDGGTQNPVSSPGMSQELRTMTTNSSDPFLNSGTYHSRDESTDSGLSMSSYSVPRTPDDFLNSVDEMDTGDTINQSTLPSQQNRFPDYLEAIPGTNVDLGTLEGDGMNIEGEELMPSLQEALSSDILNDMESVLAATKLDKESFLTWL,0.2,YAP1_HUMAN_theta_0.2.npy,1,504,True
